Country,Country Code,Indicator Name,Indicator Code,1990,1991,1992,1993,1994,1995,1996,1997,1998,1999,2000,2001,2002,2003,2004,2005,2006,2007,2008,2009,2010,2011,2012
Aruba,ABW,"Population, total",SP.POP.TOTL,62148,64623,68235,72498,76700,80326,83195,85447,87276,89004,90858,92894,94995,97015,98742,100031,100830,101218,101342,101416,101597,101936,102393
Andorra,AND,"Population, total",SP.POP.TOTL,54511,56674,58904,61003,62707,63854,64291,64147,63888,64161,65399,67770,71046,74783,78337,81223,83373,84878,85616,85474,84419,82326,79316
Afghanistan,AFG,"Population, total",SP.POP.TOTL,12067570,12789374,13745630,14824371,15869967,16772522,17481800,18034130,18511480,19038420,19701940,20531160,21487079,22507368,23499850,24399948,25183615,25877544,26528741,27207291,27962207,28809167,29726803
Angola,AGO,"Population, total",SP.POP.TOTL,11127870,11472173,11848971,12246786,12648483,13042666,13424813,13801868,14187710,14601983,15058638,15562791,16109696,16691395,17295500,17912942,18541467,19183907,19842251,20520103,21219954,21942296,22685632
Albania,ALB,"Population, total",SP.POP.TOTL,3286542,3266790,3247039,3227287,3207536,3187784,3168033,3148281,3128530,3108778,3089027,3060173,3051010,3039616,3026939,3011487,2992547,2970017,2947314,2927519,2913021,2904780,2900489
Arab World,ARB,"Population, total",SP.POP.TOTL,221928852,228177371,232406302,238577631,244799607,252465890,258300051,264052700,269737923,275492163,281355774,287358599,293501628,299853418,306505782,313508929,320912518,328668135,336662433,344702311,352640325,360761571,368914383
United Arab Emirates,ARE,"Population, total",SP.POP.TOTL,1811458,1913190,2019014,2127863,2238281,2350192,2467726,2595220,2733770,2884188,3050128,3217865,3394060,3625798,3975945,4481976,5171255,6010100,6900142,7705423,8329453,8734722,8952542
Argentina,ARG,"Population, total",SP.POP.TOTL,32729740,33193920,33655149,34110912,34558114,34994818,35419683,35833965,36241578,36648054,37057453,37471535,37889443,38309475,38728778,39145491,39558750,39969903,40381860,40798641,41222875,41655616,42095224
Armenia,ARM,"Population, total",SP.POP.TOTL,3544695,3511912,3449497,3369673,3289943,3223173,3173425,3137652,3112958,3093820,3076098,3060036,3047249,3036420,3025982,3014917,3002161,2988117,2975029,2966108,2963496,2967984,2978339
American Samoa,ASM,"Population, total",SP.POP.TOTL,47044,48379,49597,50725,51807,52874,53926,54942,55899,56768,57522,58176,58729,59117,59262,59117,58648,57904,57031,56226,55636,55316,55227
Antigua & Barbuda,ATG,"Population, total",SP.POP.TOTL,61906,62412,63434,64868,66550,68349,70245,72232,74206,76041,77648,78972,80030,80904,81718,82565,83467,84397,85350,86300,87233,88152,89069
Australia,AUS,"Population, total",SP.POP.TOTL,17065100,17284000,17495000,17667000,17855000,18072000,18311000,18517000,18711000,18926000,19153000,19413000,19651400,19895400,20127400,20394800,20697900,20827600,21249200,21691700,22031750,22340024,22728254
Austria,AUT,"Population, total",SP.POP.TOTL,7677850,7754891,7840709,7905633,7936118,7948278,7959017,7968041,7976789,7992324,8011566,8042293,8081957,8121423,8171966,8227829,8268641,8295487,8321496,8343323,8363404,8391643,8429991
Azerbaijan,AZE,"Population, total",SP.POP.TOTL,7159000,7271000,7382000,7495000,7597000,7685000,7763000,7838250,7913000,7982750,8048600,8111200,8171950,8234100,8306500,8391850,8484550,8581300,8763400,8947243,9054332,9173082,9295784
Burundi,BDI,"Population, total",SP.POP.TOTL,5613141,5759429,5895131,6019901,6134041,6239030,6333415,6420397,6511920,6623707,6767073,6946720,7159918,7401215,7661613,7934213,8218070,8514578,8821795,9137786,9461117,9790151,10124572
Belgium,BEL,"Population, total",SP.POP.TOTL,9967379,10004486,10045158,10084475,10115603,10136811,10156637,10181245,10203008,10226419,10251250,10286570,10332785,10376133,10421137,10478617,10547958,10625700,10709973,10796493,10920272,11047744,11128246
Benin,BEN,"Population, total",SP.POP.TOTL,5001271,5182525,5378226,5582420,5786794,5985658,6176318,6361301,6546493,6740491,6949366,7174911,7414744,7665681,7922796,8182362,8443717,8707637,8973525,9240982,9509798,9779391,10049792
Burkina Faso,BFA,"Population, total",SP.POP.TOTL,8811033,9050090,9297116,9552473,9816586,10089876,10372809,10665781,10969093,11283016,11607944,11943740,12290984,12651596,13028039,13421929,13834195,14264002,14709011,15165856,15632066,16106851,16590813
Bangladesh,BGD,"Population, total",SP.POP.TOTL,105983136,108509679,110987459,113442354,115913710,118427768,120987124,123574107,126169583,128746273,131280739,133776064,136228456,138600174,140843786,142929979,144839238,146592687,148252473,149905836,151616777,153405612,155257387
Bulgaria,BGR,"Population, total",SP.POP.TOTL,8718289,8632367,8540164,8472313,8443591,8406067,8362826,8312068,8256786,8210624,8170172,8020282,7868468,7823557,7781161,7739900,7699020,7545338,7492561,7444443,7395599,7348328,7305888
Bahrain,BHR,"Population, total",SP.POP.TOTL,495944,509654,522748,535692,549151,563730,579855,597834,618054,640904,666855,694893,725365,761595,807989,867014,940808,1026568,1115777,1196774,1261319,1306014,1333577
"Bahamas, The",BHS,"Population, total",SP.POP.TOTL,256338,261117,266133,271165,275903,280151,283792,286968,290054,293572,297891,303138,309170,315757,322539,329243,335801,342259,348587,354780,360830,366711,372388
Bosnia & Herzegovina,BIH,"Population, total",SP.POP.TOTL,4526996,4437898,4301169,4141167,3992256,3879278,3810649,3779354,3775898,3784389,3792878,3799747,3808347,3817313,3825872,3833377,3838504,3840418,3839749,3837732,3835258,3832310,3828419
Belarus,BLR,"Population, total",SP.POP.TOTL,10189000,10194000,10216000,10239000,10227000,10194000,10160000,10117000,10069000,10035000,10005000,9928000,9865000,9797000,9730000,9663000,9604000,9560000,9528000,9507000,9490000,9473000,9464000
Belize,BLZ,"Population, total",SP.POP.TOTL,187552,191127,194321,197615,201678,206962,213674,221608,230289,239024,247312,254989,262202,269132,276085,283279,290751,298403,306165,313925,321609,329193,336707
Bermuda,BMU,"Population, total",SP.POP.TOTL,59326,59021,58595,58910,59320,59746,60129,60497,60943,61285,61833,62504,62912,63325,63740,64154,64523,64888,65273,65636,65124,64564,64798
Bolivia,BOL,"Population, total",SP.POP.TOTL,6856246,6992521,7131699,7273824,7418864,7566716,7717445,7870860,8026257,8182710,8339512,8496378,8653343,8810420,8967740,9125405,9283345,9441482,9599916,9758799,9918245,10078238,10238762
Brazil,BRA,"Population, total",SP.POP.TOTL,150393143,152916852,155379009,157812220,160260508,162755054,165303155,167893835,170516482,173153066,175786441,178419396,181045592,183627339,186116363,188479240,190698241,192784521,194769696,196701298,198614208,200517584,202401584
Barbados,BRB,"Population, total",SP.POP.TOTL,260374,261281,262184,263091,264015,264962,265940,266944,267949,268920,269838,270686,271479,272261,273091,274013,275040,276154,277315,278466,279566,280602,281580
Brunei,BRN,"Population, total",SP.POP.TOTL,256939,264365,271989,279717,287423,295010,302449,309746,316873,323812,330554,337074,343383,349557,355700,361889,368150,374459,380786,387080,393302,399443,405512
Bhutan,BTN,"Population, total",SP.POP.TOTL,535505,534678,528085,518847,511382,508897,512377,520917,533506,548387,564187,580784,598421,616474,634235,651163,666920,681471,694990,707830,720246,732246,743711
Botswana,BWA,"Population, total",SP.POP.TOTL,1379814,1420098,1460453,1500356,1539135,1576291,1611827,1645846,1678111,1708368,1736579,1762531,1786672,1810438,1835750,1864003,1895671,1930431,1967866,2007212,2047831,2089706,2132822
Central African Republic,CAF,"Population, total",SP.POP.TOTL,2937832,3010950,3089141,3170848,3253698,3335840,3417163,3497910,3577028,3653310,3726048,3794677,3859784,3923294,3987896,4055608,4127112,4202104,4280405,4361492,4444973,4530903,4619500
Canada,CAN,"Population, total",SP.POP.TOTL,27791000,28171682,28519597,28833410,29111906,29354000,29671900,29987200,30247900,30499200,30769700,31081900,31362000,31676000,31995000,32312000,32570505,32887928,33245773,33628571,34005274,34342780,34754312
Central Europe and the Baltics,CEB,"Population, total",SP.POP.TOTL,110745760,110290445,110005636,110081461,110019570,109913216,109563097,109459093,109207205,109092730,108405522,107811539,107128884,106808998,106530417,106254694,105999320,105504531,105126686,104924372,104543801,104174038,103935318
Switzerland,CHE,"Population, total",SP.POP.TOTL,6715519,6799978,6875364,6938265,6993795,7040687,7071850,7088906,7110001,7143991,7184250,7229854,7284753,7339001,7389625,7437115,7483934,7551117,7647675,7743831,7824909,7912398,7996861
Channel Islands,CHI,"Population, total",SP.POP.TOTL,140669,141568,142258,142822,143388,144050,144832,145709,146669,147682,148725,149797,150905,152034,153170,154298,155415,156516,157587,158613,159583,160489,161336
Chile,CHL,"Population, total",SP.POP.TOTL,13141202,13354054,13566942,13778676,13987999,14193986,14396020,14594070,14788609,14980484,15170387,15358418,15544554,15729268,15913119,16096571,16279728,16462701,16645940,16829957,17015048,17201305,17388437
China,CHN,"Population, total",SP.POP.TOTL,1135185000,1150780000,1164970000,1178440000,1191835000,1204855000,1217550000,1230075000,1241935000,1252735000,1262645000,1271850000,1280400000,1288400000,1296075000,1303720000,1311020000,1317885000,1324655000,1331260000,1337705000,1344130000,1350695000
Cote d'Ivoire,CIV,"Population, total",SP.POP.TOTL,12165909,12600967,13046907,13499696,13953779,14404340,14852193,15296390,15728482,16137824,16517948,16865376,17185421,17491539,17802516,18132702,18486392,18862172,19261647,19684909,20131707,20604172,21102641
Cameroon,CMR,"Population, total",SP.POP.TOTL,12070359,12430311,12796739,13169100,13546823,13929575,14317191,14709961,15108630,15514249,15927713,16349364,16779434,17218591,17667576,18126999,18597109,19078100,19570418,20074522,20590666,21119065,21659488
"Congo, Rep.",COG,"Population, total",SP.POP.TOTL,2386467,2450125,2514907,2581306,2649964,2721277,2795903,2873638,2953011,3031969,3109269,3183883,3256867,3331564,3412592,3503086,3604595,3715665,3832771,3950786,4066078,4177435,4286188
Colombia,COL,"Population, total",SP.POP.TOTL,34271563,34916770,35558683,36195170,36823539,37441980,38049040,38645409,39234059,39819279,40403959,40988909,41572493,42152147,42724157,43285636,43835744,44374647,44901660,45416276,45918101,46406446,46881018
Comoros,COM,"Population, total",SP.POP.TOTL,415144,427556,440252,453188,466309,479574,492979,506525,520180,533909,547696,561525,575428,589500,603869,618632,633814,649404,665414,681845,698695,715972,733661
Cabo Verde,CPV,"Population, total",SP.POP.TOTL,341256,349326,358473,368423,378763,389156,399508,409805,419884,429576,438737,447357,455396,462675,468985,474224,478265,481278,483824,486673,490379,495159,500870
Costa Rica,CRI,"Population, total",SP.POP.TOTL,3095994,3175654,3257463,3341005,3425692,3510925,3596733,3682725,3767369,3848725,3925450,3996800,4063208,4125970,4187039,4247843,4308790,4369465,4429506,4488261,4545273,4600487,4654148
Caribbean small states,CSS,"Population, total",SP.POP.TOTL,5960368,6001738,6047269,6096016,6146503,6197620,6258158,6312682,6365223,6411686,6454716,6497461,6532561,6567210,6603018,6640916,6681231,6723587,6767278,6811213,6854569,6896697,6937108
Cuba,CUB,"Population, total",SP.POP.TOTL,10582082,10664577,10735775,10797556,10853435,10906048,10955372,11000431,11041893,11080506,11116787,11151472,11184540,11214837,11240680,11261052,11275199,11284043,11290239,11297442,11308133,11323570,11342631
Curacao,CUW,"Population, total",SP.POP.TOTL,145400,144403,143912,144299,144630,145139,146306,146956,144472,139428,133860,129047,129205,131897,134192,137658,141239,144056,145880,146833,148703,150831,152088
Cayman Islands,CYM,"Population, total",SP.POP.TOTL,25009,26211,27402,28652,30055,31672,33535,35596,37742,39810,41685,43317,44742,46032,47299,48623,50028,51480,52925,54285,55509,56580,57522
Cyprus,CYP,"Population, total",SP.POP.TOTL,766611,783138,800660,818814,837166,855389,873246,890733,908040,925491,943287,961482,979883,998150,1015827,1032586,1048293,1063040,1077010,1090486,1103685,1116644,1129303
Czech Republic,CZE,"Population, total",SP.POP.TOTL,10333355,10308578,10319123,10329855,10333587,10327253,10315241,10304131,10294373,10283860,10255063,10216605,10196916,10193998,10197101,10211216,10238905,10298828,10384603,10443936,10474410,10496088,10510785
Germany,DEU,"Population, total",SP.POP.TOTL,79433029,80013896,80624598,81156363,81438348,81678051,81914831,82034771,82047195,82100243,82211508,82349925,82488495,82534176,82516260,82469422,82376451,82266372,82110097,81902307,81776930,81797673,80425823
Djibouti,DJI,"Population, total",SP.POP.TOTL,588356,610679,627063,639215,649878,661076,673202,685644,698256,710652,722562,734088,745459,756656,767644,778406,788941,799309,809639,820097,830802,841802,853069
Dominica,DMA,"Population, total",SP.POP.TOTL,70928,70849,70978,71205,71372,71367,71146,70756,70295,69902,69679,69660,69806,70058,70325,70542,70690,70795,70881,70995,71167,71402,71685
Denmark,DNK,"Population, total",SP.POP.TOTL,5140939,5154298,5171370,5188628,5206180,5233373,5263074,5284991,5304219,5321799,5339616,5358783,5375931,5390574,5404523,5419432,5437272,5461438,5493621,5523095,5547683,5570572,5591572
Dominican Republic,DOM,"Population, total",SP.POP.TOTL,7183646,7325622,7468551,7611463,7753052,7892420,8029114,8163474,8296375,8429116,8562623,8697127,8832286,8967759,9102997,9237565,9371333,9504336,9636491,9767737,9897983,10027140,10155036
Algeria,DZA,"Population, total",SP.POP.TOTL,25912364,26554277,27180921,27785977,28362015,28904300,29411839,29887717,30336880,30766551,31183658,31590320,31990387,32394886,32817225,33267887,33749328,34261971,34811059,35401790,36036159,36717132,37439427
East Asia & Pacific (developing only),EAP,"Population, total",SP.POP.TOTL,1603652723,1627881291,1650544592,1672375813,1694082971,1715417437,1736435473,1757273497,1777437867,1796509002,1814543356,1831803900,1848308223,1864184472,1879602648,1894744514,1909251689,1923095029,1936736134,1950280764,1963842316,1977637953,1991746941
East Asia & Pacific (all income levels),EAS,"Population, total",SP.POP.TOTL,1820607703,1846409698,1870507435,1893708684,1916918806,1939948993,1962640188,1984861851,2006344261,2026505631,2045719317,2064256178,2081838397,2098591746,2114733723,2130532518,2146003677,2160752292,2175660864,2190177041,2204603325,2219079073,2233889396
Europe & Central Asia (developing only),ECA,"Population, total",SP.POP.TOTL,237277995,238912959,240445513,241843532,242652404,243052945,243653269,244288869,244814942,245286780,246051987,246439450,246819911,247668350,248660723,249730397,250849576,251718457,252877346,254685459,256799097,258778040,260544871
Europe & Central Asia (all income levels),ECS,"Population, total",SP.POP.TOTL,842907397,846199873,849633122,852664422,854549337,856102195,857333424,858726155,859806214,860985079,862073997,863554388,865246750,867562844,870213016,872968147,875755753,878819656,882358214,886063249,889630390,893094109,894962840
Ecuador,ECU,"Population, total",SP.POP.TOTL,10218085,10460988,10705670,10951200,11196476,11440576,11683480,11924991,12163887,12398691,12628596,12852753,13072056,13289600,13509645,13735232,13967490,14205479,14447600,14691310,14934692,15177280,15419493
Egypt,EGY,"Population, total",SP.POP.TOTL,56397273,57689828,58922018,60108373,61272847,62434527,63595629,64754566,65922626,67112877,68334905,69599945,70908710,72247626,73596068,74942115,76274285,77605327,78976122,80442443,82040994,83787634,85660902
Euro area,EMU,"Population, total",SP.POP.TOTL,311482918,312611072,314036613,315275812,316145953,316909668,317684325,318394013,319037521,319900773,321109088,322544302,324209956,325980803,327788514,329490945,331033155,332759025,334378776,335433365,336199356,336958644,336189482
Eritrea,ERI,"Population, total",SP.POP.TOTL,3139083,3160644,3160617,3150811,3147871,3164095,3202598,3260612,3337227,3429656,3535156,3655006,3788532,3928408,4064958,4191273,4304440,4406299,4500638,4593549,4689664,4789568,4892233
Spain,ESP,"Population, total",SP.POP.TOTL,38850435,38939049,39067745,39189400,39294967,39387017,39478186,39582413,39721108,39926268,40263216,40756001,41431558,42187645,42921895,43653155,44397319,45226803,45954106,46362946,46576897,46742697,46773055
Estonia,EST,"Population, total",SP.POP.TOTL,1569174,1561314,1533091,1494128,1462514,1436634,1415594,1399535,1386156,1380620,1396985,1388115,1379350,1370720,1362550,1354775,1346810,1340680,1337090,1334515,1331475,1327439,1322696
Ethiopia,ETH,"Population, total",SP.POP.TOTL,48057094,49784987,51602776,53477944,55366517,57237226,59076414,60893264,62707547,64550161,66443603,68393128,70391170,72432290,74506974,76608431,78735675,80891968,83079608,85302099,87561814,89858696,92191211
European Union,EUU,"Population, total",SP.POP.TOTL,477948527,478879335,480313031,481925994,483042019,483999563,484682026,485524343,486169409,487181237,487977133,489163227,490506176,492343186,494332851,496306466,498182074,500030506,501912523,503390442,504469008,505544895,505126520
Fragile and conflict affected situations,FCS,"Population, total",SP.POP.TOTL,259402603,266496626,274006899,281787906,289632847,297399140,305025311,312569145,319951491,327461927,335452998,343880551,352636915,361673831,370912986,380285290,389823368,399530739,409393653,419371302,429448546,439954168,450703885
Finland,FIN,"Population, total",SP.POP.TOTL,4986431,5013740,5041992,5066447,5088333,5107790,5124573,5139835,5153498,5165474,5176209,5188008,5200598,5213014,5228172,5246096,5266268,5288720,5313399,5338871,5363352,5388272,5413971
Fiji,FJI,"Population, total",SP.POP.TOTL,728626,735469,744534,755024,765666,775498,784479,792859,800314,806494,811223,814215,815691,816626,818355,821820,827390,834729,843206,851854,859952,867327,874158
France,FRA,"Population, total",SP.POP.TOTL,58512808,58559312,58851216,59106766,59327194,59541900,59753098,59964845,60186291,60496715,60912498,61357431,61805267,62244884,62704897,63179356,63621376,64016229,64374990,64707044,65027512,65342776,65639975
Faeroe Islands,FRO,"Population, total",SP.POP.TOTL,48031,47494,46574,45501,44600,44099,44081,44467,45126,45852,46491,47012,47452,47812,48103,48337,48505,48599,48629,48613,48567,48492,48393
"Micronesia, Fed. Sts.",FSM,"Population, total",SP.POP.TOTL,96331,98800,101412,103937,106057,107556,108342,108506,108236,107808,107430,107170,106983,106816,106575,106198,105680,105080,104472,103961,103619,103476,103516
Gabon,GAB,"Population, total",SP.POP.TOTL,952269,978252,1004598,1031358,1058625,1086449,1114879,1143838,1173114,1202412,1231548,1260435,1289192,1318093,1347524,1377777,1408920,1440902,1473741,1507428,1541936,1577298,1613489
United Kingdom,GBR,"Population, total",SP.POP.TOTL,57247586,57424897,57580402,57718614,57865745,58019030,58166950,58316954,58487141,58682466,58892514,59119673,59370479,59647577,59987905,60401206,60846820,61322463,61806995,62276270,62766365,63258918,63700300
Georgia,GEO,"Population, total",SP.POP.TOTL,4802000,4835900,4873500,4911100,4861600,4734000,4616100,4531600,4487300,4452500,4418300,4386400,4357000,4328900,4318300,4361400,4398000,4388400,4383800,4410900,4452800,4483350,4490700
Ghana,GHA,"Population, total",SP.POP.TOTL,14628260,15042736,15471527,15907244,16339344,16760991,17169214,17568583,17969006,18384426,18824994,19293804,19788181,20305396,20840493,21389514,21951891,22528041,23115919,23713164,24317734,24928503,25544565
Guinea,GIN,"Population, total",SP.POP.TOTL,6034082,6367110,6751394,7155564,7536389,7863033,8124799,8331366,8497582,8647336,8799165,8955756,9114287,9281572,9464771,9669023,9898301,10152521,10427356,10715770,11012406,11316351,11628767
"Gambia, The",GMB,"Population, total",SP.POP.TOTL,916811,949490,979701,1008296,1036627,1065746,1095839,1126786,1159001,1192920,1228863,1267103,1307674,1350345,1394727,1440542,1487731,1536424,1586749,1638899,1693002,1749099,1807108
Guinea-Bissau,GNB,"Population, total",SP.POP.TOTL,1056208,1080191,1104708,1129706,1155111,1180877,1207006,1233520,1260424,1287727,1315455,1343646,1372367,1401716,1431816,1462784,1494603,1527342,1561293,1596832,1634196,1673509,1714620
Equatorial Guinea,GNQ,"Population, total",SP.POP.TOTL,377363,390381,404081,418409,433197,448332,463844,479836,496330,513347,530896,549007,567664,586772,606201,625866,645718,665798,686223,707155,728710,750918,773729
Greece,GRC,"Population, total",SP.POP.TOTL,10156902,10256292,10369866,10465528,10553035,10634385,10709173,10776504,10834880,10882580,10917482,10951764,10983723,11018324,11055729,11092913,11127947,11163002,11186439,11187085,11153454,11123213,11092771
Grenada,GRD,"Population, total",SP.POP.TOTL,96286,96455,97201,98302,99403,100253,100796,101125,101302,101441,101620,101849,102100,102371,102657,102951,103259,103587,103934,104298,104677,105070,105476
Greenland,GRL,"Population, total",SP.POP.TOTL,55600,55500,55300,55200,55500,55800,55900,56000,56100,56100,56200,56350,56609,56765,56911,56935,56774,56555,56328,56323,56905,56890,56810
Guatemala,GTM,"Population, total",SP.POP.TOTL,9158547,9385000,9619113,9860063,10106463,10357354,10612300,10871786,11136814,11408815,11688660,11976725,12272208,12573346,12877711,13183505,13490041,13797629,14106687,14418033,14732261,15049280,15368759
Guam,GUM,"Population, total",SP.POP.TOTL,130482,133553,136696,139820,142806,145562,148060,150306,152275,153951,155328,156417,157241,157823,158194,158401,158429,158332,158310,158621,159440,160858,162807
Guyana,GUY,"Population, total",SP.POP.TOTL,720282,717502,717621,719910,723230,726695,730193,733854,737316,740189,742218,743163,743107,742537,742162,742495,743705,745638,748096,750749,753362,755883,758410
High income,HIC,"Population, total",SP.POP.TOTL,1203134914,1212307029,1219635819,1228426035,1236528925,1246418863,1254142817,1261864853,1269243042,1276558490,1283598773,1291280047,1298840755,1306317670,1314232215,1322338351,1331063161,1340501351,1350647746,1359870192,1368262960,1376081481,1382476668
"Hong Kong SAR, China",HKG,"Population, total",SP.POP.TOTL,5704500,5752000,5800500,5901000,6035400,6156100,6435500,6489300,6543700,6606500,6665000,6714300,6744100,6730800,6783500,6813200,6857100,6916300,6957800,6972800,7024200,7071600,7154600
Honduras,HND,"Population, total",SP.POP.TOTL,4903363,5041050,5179557,5318042,5455481,5591136,5724587,5855946,5985675,6114534,6243080,6371304,6499001,6626304,6753352,6880181,7007029,7133737,7259470,7383098,7503875,7621414,7736131
Heavily indebted poor countries (HIPC),HPC,"Population, total",SP.POP.TOTL,354714206,365581300,377011630,388837016,400825087,412815898,424741843,436671177,448746908,461180538,474127024,487633972,501659710,516163015,531070213,546329345,561934621,577914150,594288511,611087950,628333588,646028823,664163813
Croatia,HRV,"Population, total",SP.POP.TOTL,4780000,4510000,4470000,4640000,4650000,4669000,4494000,4572000,4501000,4554000,4426000,4440000,4440000,4440000,4439000,4442000,4440000,4436000,4434508,4429078,4417781,4280622,4267558
Haiti,HTI,"Population, total",SP.POP.TOTL,7099733,7243391,7386974,7530703,7674911,7819806,7965548,8111954,8258484,8404396,8549202,8692564,8834739,8976555,9119182,9263409,9409479,9556958,9705130,9852953,9999617,10144890,10288828
Hungary,HUN,"Population, total",SP.POP.TOTL,10373988,10373400,10369341,10357523,10343355,10328965,10311238,10290486,10266570,10237530,10210971,10187576,10158608,10129552,10107146,10087065,10071370,10055780,10038188,10022650,10000023,9971727,9920362
Indonesia,IDN,"Population, total",SP.POP.TOTL,181436821,184614740,187762097,190873248,193939912,196957845,199926615,202853850,205753493,208644079,211540428,214448301,217369087,220307809,223268606,226254703,229263980,232296830,235360765,238465165,241613126,244808254,248037853
Isle of Man,IMN,"Population, total",SP.POP.TOTL,70312,70963,71306,71486,71726,72181,72899,73817,74853,75879,76806,77608,78318,78975,79636,80345,81110,81914,82737,83548,84327,85069,85779
India,IND,"Population, total",SP.POP.TOTL,870601776,888513869,906461358,924475633,942604211,960874982,979290432,997817250,1016402907,1034976626,1053481072,1071888190,1090189358,1108369577,1126419321,1144326293,1162088305,1179685631,1197070109,1214182182,1230984504,1247446011,1263589639
Ireland,IRL,"Population, total",SP.POP.TOTL,3513974,3534235,3558430,3576261,3590386,3608841,3637510,3674171,3712696,3754786,3805174,3866243,3931947,3996521,4070262,4159914,4273591,4398942,4489544,4535375,4560155,4576794,4586897
Iran,IRN,"Population, total",SP.POP.TOTL,56169196,57288039,58130099,58811858,59501292,60318632,61306632,62426086,63616065,64780362,65850062,66812736,67696677,68522074,69321953,70122115,70923164,71720859,72530693,73370982,74253373,75184322,76156975
Iraq,IRQ,"Population, total",SP.POP.TOTL,17478455,17952909,18468521,19021967,19606895,20217759,20855408,21519356,22200835,22888600,23574751,24258794,24943793,25630426,26320530,27017712,27716983,28423538,29163327,29970634,30868156,31810191,32780975
Iceland,ISL,"Population, total",SP.POP.TOTL,254826,257797,261057,263725,266021,267468,268916,271128,274047,277381,281205,284968,287523,289521,292074,296734,303782,311566,317414,318499,318041,319014,320716
Israel,ISR,"Population, total",SP.POP.TOTL,4660000,4949000,5123000,5261000,5399000,5545000,5692000,5836000,5971000,6125000,6289000,6439000,6570000,6689700,6809000,6930100,7053700,7180100,7308800,7485600,7623600,7765800,7910500
Italy,ITA,"Population, total",SP.POP.TOTL,56719240,56758521,56797087,56831821,56843400,56844303,56860281,56890372,56906744,56916317,56942108,56974100,57059007,57313203,57685327,57969484,58143979,58438310,58826731,59095365,59277417,59379449,59539717
Jamaica,JAM,"Population, total",SP.POP.TOTL,2390000,2406042,2423044,2441024,2460002,2480000,2509923,2534069,2556780,2574289,2589389,2605556,2615253,2624695,2634145,2643601,2653042,2662481,2671934,2681386,2690824,2699838,2707805
Jordan,JOR,"Population, total",SP.POP.TOTL,3170000,3545000,3733000,3906000,4061000,4195000,4325000,4444000,4564000,4680000,4797000,4917000,5038000,5164000,5290000,5411000,5536000,5661000,5786000,5915000,6046000,6181000,6318000
Japan,JPN,"Population, total",SP.POP.TOTL,123537000,123921000,124229000,124536000,124961000,125439000,125757000,126057000,126400000,126631000,126843000,127149000,127445000,127718000,127761000,127773000,127854000,128001000,128063000,128047000,128070000,127817277,127561489
Kazakhstan,KAZ,"Population, total",SP.POP.TOTL,16348000,16450500,16439095,16330419,16095199,15815626,15577894,15333703,15071300,14928426,14883626,14858335,14858948,14909018,15012985,15147029,15308084,15484192,15674000,16092701,16321581,16556600,16791425
Kenya,KEN,"Population, total",SP.POP.TOTL,23446229,24234087,25029754,25824736,26608089,27373035,28116027,28842245,29564614,30301240,31065820,31863280,32691980,33551079,34437460,35349040,36286015,37250540,38244442,39269988,40328313,41419954,42542978
Kyrgyzstan,KGZ,"Population, total",SP.POP.TOTL,4391200,4463600,4515400,4516700,4515100,4560400,4628400,4696400,4769000,4840400,4898400,4945100,4990700,5043300,5104700,5162600,5218400,5268400,5318700,5383300,5447900,5514600,5607200
Cambodia,KHM,"Population, total",SP.POP.TOTL,9008856,9323607,9659238,10007092,10355253,10694459,11022162,11338733,11641509,11928306,12197905,12448881,12681984,12901217,13112334,13320058,13525360,13728700,13933660,14144337,14363586,14593099,14832255
Kiribati,KIR,"Population, total",SP.POP.TOTL,72411,73698,74773,75722,76674,77727,78907,80190,81556,82969,84406,85858,87343,88892,90545,92329,94257,96310,98437,100566,102648,104662,106620
Saint Kitts & Nevis,KNA,"Population, total",SP.POP.TOTL,40833,41009,41360,41836,42363,42888,43391,43885,44391,44938,45544,46216,46935,47681,48424,49139,49818,50465,51093,51717,52352,52998,53650
"Korea, Rep. (South)",KOR,"Population, total",SP.POP.TOTL,42869283,43295704,43747962,44194628,44641540,45092991,45524681,45953580,46286503,46616677,47008111,47357362,47622179,47859311,48039415,48138077,48371946,48597652,48948698,49182038,49410366,49779440,50004441
Kosovo,KSV,"Population, total",SP.POP.TOTL,1862000,1898000,1932000,1965000,1997000,2029000,2059000,2086000,1966000,1762000,1700000,1701154,1702310,1703466,1704622,1705780,1719536,1733404,1747383,1761474,1775680,1790957,1805200
Kuwait,KWT,"Population, total",SP.POP.TOTL,2058832,2007110,2007110,1822070.5,1637031,1637031,1637906,1686256,1766247,1853152,1929470,1990022,2042215,2095993,2166344,2263604,2389498,2538591,2705290,2881243,3059473,3239181,3419581
Latin America & Caribbean (developing only),LAC,"Population, total",SP.POP.TOTL,371398873,378303460,385177748,392032035,398881480,405733941,412605665,419468647,426291808,433023588,439633672,446109420,452455713,458709251,464915732,471107730,477292640,483458582,489595358,495685919,501716478,507683672,513587153
Laos,LAO,"Population, total",SP.POP.TOTL,4247839,4371549,4496971,4621685,4742685,4857774,4966303,5068658,5165072,5256207,5342879,5424701,5502340,5579003,5658894,5745012,5838837,5939634,6045439,6153153,6260544,6366909,6473050
Lebanon,LBN,"Population, total",SP.POP.TOTL,2703019,2752473,2821868,2900862,2974647,3033406,3070974,3092684,3113960,3156661,3235380,3359875,3522842,3701464,3863271,3986865,4057041,4085426,4109389,4181742,4337156,4388637,4440728
Liberia,LBR,"Population, total",SP.POP.TOTL,2102877,2066060,2028672,2006349,2019148,2079921,2197801,2365290,2558085,2741755,2891968,2998770,3070673,3124222,3184643,3269786,3384804,3522337,3672782,3821498,3957990,4079574,4190155
Libya,LBY,"Population, total",SP.POP.TOTL,4398419,4499210,4596811,4691934,4785488,4878202,4970391,5062160,5153764,5245414,5337264,5428303,5518341,5609166,5703224,5801543,5907149,6017794,6123022,6208680,6265697,6288652,6283403
Saint Lucia,LCA,"Population, total",SP.POP.TOTL,138180,140159,141934,143592,145262,147040,148962,150994,153066,155073,156949,158650,160218,161767,163462,165407,167656,170146,172729,175196,177397,179278,180890
Latin America & Caribbean (all income levels),LCN,"Population, total",SP.POP.TOTL,445998222,454117634,462201058,470263697,478310786,486343677,494384205,502390020,510356845,518188225,525886558,533449671,540884684,548225528,555515431,562783235,570029991,577248307,584435842,591577623,598662941,605674766,612617659
Least developed countries: UN classification,LDC,"Population, total",SP.POP.TOTL,510057629,524324699,539125756,554321297,569720374,585189354,600664665,616192978,631885766,647910647,664386087,681362484,698794943,716594050,734626511,752794655,771082091,789544690,808296705,827498335,847264134,867666290,888606627
Low income,LIC,"Population, total",SP.POP.TOTL,323227228,332433715,342050447,351987725,362123035,372371977,382697537,393134571,403759218,414684350,425992699,437714055,449827124,462302980,475092681,488164370,501506199,515142538,529119915,543502416,558333178,573629146,589368162
Liechtenstein,LIE,"Population, total",SP.POP.TOTL,28745,29111,29503,29921,30365,30833,31327,31842,32357,32843,33282,33663,33995,34290,34569,34852,35141,35431,35721,36004,36276,36537,36791
Sri Lanka,LKA,"Population, total",SP.POP.TOTL,17015000,17267000,17426000,17646000,17891000,18136000,18336000,18568000,18784000,19056000,19102000,18797000,18921000,19173000,19435000,19644000,19858000,20039000,20246000,20450000,20653000,20869000,20328000
Lower middle income,LMC,"Population, total",SP.POP.TOTL,1899363670,1940144327,1980929189,2021636325,2062007453,2102273232,2142621760,2183096828,2223434661,2263637343,2303711331,2343442598,2383558218,2423930501,2464449907,2505015558,2545669797,2586398869,2627317521,2668428221,2709973675,2752176358,2793702323
Low & middle income,LMY,"Population, total",SP.POP.TOTL,4079586256,4157438910,4233649423,4309167848,4384488804,4459373325,4534494597,4609884996,4684785819,4758923646,4832370097,4904400484,4976091544,5048011830,5120030250,5192248941,5264356756,5335987395,5408263981,5481665500,5555985552,5631350938,5706792497
Lesotho,LSO,"Population, total",SP.POP.TOTL,1597534,1627900,1660360,1693459,1725118,1753824,1779201,1801695,1821632,1839631,1856225,1871489,1885488,1898778,1912042,1925844,1940345,1955656,1972194,1990413,2010586,2032950,2057331
Lithuania,LTU,"Population, total",SP.POP.TOTL,3697838,3704134,3700114,3682613,3657144,3629102,3601613,3575137,3549331,3524238,3499536,3470818,3443067,3415213,3377075,3322528,3269909,3231294,3198231,3162916,3097282,3028115,2987773
Luxembourg,LUX,"Population, total",SP.POP.TOTL,381850,387000,392175,397475,402925,408625,414225,419450,424700,430475,436300,441525,446175,451630,458095,465158,472637,479993,488650,497783,506953,518347,530946
Latvia,LVA,"Population, total",SP.POP.TOTL,2663151,2650581,2614338,2563290,2520742,2485056,2457222,2432851,2410019,2390482,2367550,2337170,2310173,2287955,2263122,2238799,2218357,2200325,2177322,2141669,2097555,2059709,2034319
"Macao SAR, China",MAC,"Population, total",SP.POP.TOTL,359735,369484,377799,385041,391783,398459,405231,412031,418810,425448,431907,438088,444178,450754,458579,468149,479728,493022,507274,521405,534626,546682,557763
St. Martin (French part),MAF,"Population, total",SP.POP.TOTL,30036,31821,32892,33238,33098,32712,32102,31304,30358,29305,28384,27782,27450,27363,27514,27906,28414,28905,29376,29820,30235,30615,30959
Morocco,MAR,"Population, total",SP.POP.TOTL,24950128,25410178,25866445,26314339,26747660,27161889,27556892,27934014,28292299,28630973,28950553,29250983,29535591,29812685,30093109,30385479,30691434,31011322,31350544,31714958,32107739,32531964,32984190
Monaco,MCO,"Population, total",SP.POP.TOTL,29438,29626,29864,30138,30423,30700,30971,31242,31517,31795,32081,32364,32648,32960,33339,33808,34384,35046,35731,36351,36845,37189,37404
Moldova,MDA,"Population, total",SP.POP.TOTL,3696000,3704000,3706000,3701000,3691000,3675099,3667748,3654208,3652732,3647001,3639592,3631462,3623062,3612874,3603945,3595187,3585209,3576910,3570108,3565604,3562045,3559986,3559519
Madagascar,MDG,"Population, total",SP.POP.TOTL,11545782,11898267,12263899,12643864,13039754,13452526,13882646,14329239,14790245,15262817,15744811,16235767,16736029,17245275,17763367,18290394,18826129,19371031,19926798,20495706,21079532,21678867,22293720
Maldives,MDV,"Population, total",SP.POP.TOTL,223179,229686,236053,242252,248263,254070,259668,265067,270292,275385,280384,285298,290147,294996,299917,304968,310168,315515,321026,326713,332575,338618,344817
Middle East & North Africa (all income levels),MEA,"Population, total",SP.POP.TOTL,254342990,261083151,265325554,271261333,277250339,284848005,290827337,296885404,302949605,309057956,315152002,321230141,327306993,333494898,339941989,346735318,353923119,361451154,369228612,377133473,384945112,393003905,401144535
Mexico,MEX,"Population, total",SP.POP.TOTL,85609404,87347208,89110043,90887097,92663664,94426946,96181710,97925825,99632299,101266570,102808590,104239563,105578297,106888418,108257822,109747906,111382857,113139374,114972821,116815612,118617542,120365271,122070963
Marshall Islands,MHL,"Population, total",SP.POP.TOTL,47300,48481,49382,50052,50577,51020,51397,51697,51922,52076,52161,52184,52161,52115,52074,52058,52080,52136,52221,52321,52428,52541,52663
Middle income,MIC,"Population, total",SP.POP.TOTL,3756359028,3825005195,3891598976,3957180123,4022365769,4087001348,4151797060,4216750425,4281026601,4344239296,4406377398,4466686429,4526264420,4585708850,4644937569,4704084571,4762850557,4820844857,4879144066,4938163084,4997652374,5057721792,5117424335
"Macedonia, FYR",MKD,"Population, total",SP.POP.TOTL,1996227,1988458,1977033,1964924,1956165,1953544,1958303,1969345,1984242,1999362,2012051,2021585,2028706,2033974,2038444,2042894,2047330,2051427,2055266,2058920,2062443,2065888,2069270
Mali,MLI,"Population, total",SP.POP.TOTL,8482075,8672581,8891141,9131449,9383608,9640643,9901045,10168000,10444822,10736542,11046926,11376094,11723017,12088867,12474857,12881384,13309942,13759226,14223403,14694565,15167286,15639115,16112333
Malta,MLT,"Population, total",SP.POP.TOTL,354170,357727,361260,364704,367941,370433,372687,375236,377516,379360,381363,393028,395969,398582,401268,403834,405308,406724,409379,412477,414508,416268,419455
Myanmar,MMR,"Population, total",SP.POP.TOTL,42007309,42588029,43126260,43642311,44164109,44710931,45290888,45895991,46509586,47106923,47669791,48195684,48689952,49151958,49582751,49984704,50355559,50698814,51030006,51369725,51733013,52125411,52543841
Middle East & North Africa (developing only),MNA,"Population, total",SP.POP.TOTL,226312496,232078456,237431427,242523161,247687836,252835066,258014220,263229416,268407285,273553273,278610057,283601129,288553691,293512103,298545580,303699745,309000732,314432844,320005139,325689241,331456852,337638042,344052017
Montenegro,MNE,"Population, total",SP.POP.TOTL,608320,609861,610328,609984,609231,608388,607502,606549,605693,605119,604950,607389,609828,612267,613353,614261,615025,615875,616969,618294,619428,620079,620601
Mongolia,MNG,"Population, total",SP.POP.TOTL,2184145,2217920,2243506,2263204,2280495,2298038,2316571,2335694,2355588,2376165,2397438,2419729,2443503,2469045,2496621,2526447,2558484,2592776,2629666,2669572,2712657,2759074,2808339
Northern Mariana Islands,MNP,"Population, total",SP.POP.TOTL,43972,46719,49429,52120,54817,57518,60248,62939,65374,67271,68434,68817,68499,67562,66143,64372,62235,59791,57343,55276,53860,53234,53314
Mozambique,MOZ,"Population, total",SP.POP.TOTL,13371971,13719853,14203987,14775877,15363065,15913101,16410777,16872896,17317376,17774066,18264536,18792357,19348715,19928496,20523159,21126676,21737860,22359637,22994867,23647815,24321457,25016921,25732928
Mauritania,MRT,"Population, total",SP.POP.TOTL,2023665,2080782,2140250,2202201,2266745,2333966,2403779,2476188,2551429,2629806,2711421,2796502,2884672,2974686,3064882,3154087,3241762,3328285,3414552,3501927,3591400,3683221,3777067
Mauritius,MUS,"Population, total",SP.POP.TOTL,1058775,1070266,1084441,1097374,1112846,1122457,1133996,1148284,1160421,1175267,1186873,1196287,1204621,1213370,1221003,1228254,1233996,1239630,1244121,1247429,1250400,1252404,1255882
Malawi,MWI,"Population, total",SP.POP.TOTL,9408998,9604199,9682918,9697635,9725612,9822812,10006767,10260421,10563554,10882543,11193230,11491824,11788731,12090476,12407618,12747846,13112383,13498377,13904671,14329056,14769824,15226813,15700436
Malaysia,MYS,"Population, total",SP.POP.TOTL,18211097,18709835,19204700,19700762,20205992,20725374,21260881,21808125,22358128,22898579,23420751,23920963,24401977,24869423,25332026,25796124,26263048,26730607,27197419,27661017,28119500,28572970,29021940
North America,NAC,"Population, total",SP.POP.TOTL,277473326,281211703,285092192,288811320,292297226,295691746,299126029,302704697,306162843,309600485,312993944,316113359,319050105,321847258,324864038,327892753,331014940,334184023,337405012,340465736,343417455,346128976,348931188
Namibia,NAM,"Population, total",SP.POP.TOTL,1415447,1466152,1513689,1559480,1605828,1654214,1705349,1758097,1809920,1857320,1897953,1931005,1957749,1980531,2002745,2027026,2053915,2083174,2115703,2152357,2193643,2240161,2291645
New Caledonia,NCL,"Population, total",SP.POP.TOTL,170899,175362,179799,184496,189482,193816,197564,201418,205279,209214,213230,217324,221490,224868,228297,231779,235314,238902,242546,246245,250000,254000,258000
Niger,NER,"Population, total",SP.POP.TOTL,7911884,8168834,8442330,8732500,9039088,9361912,9701730,10058960,10432657,10821434,11224523,11642308,12075991,12526725,12996012,13485436,13995530,14527631,15085130,15672194,16291990,16946485,17635782
Nigeria,NGA,"Population, total",SP.POP.TOTL,95617345,98085436,100592458,103145093,105753088,108424822,111164651,113975055,116860691,119826231,122876723,126014935,129246283,132581484,136033321,139611303,143318011,147152502,151115683,155207145,159424742,163770669,168240403
Nicaragua,NIC,"Population, total",SP.POP.TOTL,4144564,4236805,4331273,4426577,4520727,4612229,4700777,4786641,4869627,4949661,5026792,5100750,5171736,5240876,5309703,5379327,5450217,5522119,5594524,5666595,5737722,5807787,5877034
Netherlands,NLD,"Population, total",SP.POP.TOTL,14951510,15069798,15184166,15290368,15382838,15459006,15530498,15610650,15707209,15812088,15925513,16046180,16148929,16225302,16281779,16319868,16346101,16381696,16445593,16530388,16615394,16693074,16754962
High income: nonOECD,NOC,"Population, total",SP.POP.TOTL,276140078,278295749,278453585,280529160,282394827,286202901,288040686,289904172,291694145,293296742,294642788,296194862,297623374,299016078,300817224,302879030,305315050,308252724,311513631,314698255,317681236,320397042,323348718
Norway,NOR,"Population, total",SP.POP.TOTL,4241473,4261732,4286401,4311991,4336613,4359184,4381336,4405157,4431464,4461913,4490967,4513751,4538159,4564855,4591910,4623291,4660677,4709153,4768212,4828726,4889252,4953088,5018573
Nepal,NPL,"Population, total",SP.POP.TOTL,18741688,19237322,19765570,20312687,20859421,21390905,21902534,22395247,22866496,23315053,23740145,24140941,24516969,24868900,25198130,25506847,25794344,26063619,26325183,26592666,26875910,27179237,27500515
New Zealand,NZL,"Population, total",SP.POP.TOTL,3329800,3495100,3531700,3572200,3620000,3673400,3732000,3781300,3815000,3835100,3857700,3880500,3948500,4027200,4087500,4133900,4184600,4223800,4259800,4302600,4350700,4384000,4408100
High income: OECD,OEC,"Population, total",SP.POP.TOTL,926994836,934011280,941182234,947896875,954134098,960215962,966102131,971960681,977548897,983261748,988955985,995085185,1001217381,1007301592,1013414991,1019459321,1025748111,1032248627,1039134115,1045171937,1050581724,1055684439,1059127950
OECD members,OED,"Population, total",SP.POP.TOTL,1066598845,1076267996,1086103411,1095491426,1104406531,1113165228,1121735329,1130280610,1138526070,1146823935,1155004732,1163507442,1171921444,1180250131,1188646374,1197067844,1205835689,1214903493,1224451293,1233248856,1241509682,1249249082,1255298168
Oman,OMN,"Population, total",SP.POP.TOTL,1812159,1892345,1979914,2066264,2139539,2191864,2219768,2227596,2224922,2225481,2239403,2272547,2323203,2385075,2448194,2506891,2553376,2593750,2652281,2762073,2943747,3210003,3545192
Other small states,OSS,"Population, total",SP.POP.TOTL,13252515,13583303,13903081,14210602,14514531,14810216,15105542,15400465,15691694,15984246,16272103,16559762,16849923,17139148,17429452,17713639,18009472,18315353,18634683,18965567,19312636,19704858,20090794
Pakistan,PAK,"Population, total",SP.POP.TOTL,107607639,110634399,113616165,116579605,119564925,122599749,125697651,128845692,132013680,135158132,138250487,141282077,144271586,147251530,150267989,153356383,156524189,159767672,163096985,166520983,170043918,173669648,177392252
Panama,PAN,"Population, total",SP.POP.TOTL,2471010,2522901,2575330,2628511,2682720,2738125,2794845,2852739,2911383,2970193,3028751,3086887,3144728,3202511,3260611,3319301,3378600,3438398,3498679,3559401,3620506,3681979,3743761
Peru,PER,"Population, total",SP.POP.TOTL,21826658,22283130,22737056,23184222,23619358,24038761,24441076,24827409,25199744,25561297,25914875,26261363,26601463,26937737,27273188,27610406,27949958,28292768,28642048,29001563,29373644,29759891,30158768
Philippines,PHL,"Population, total",SP.POP.TOTL,61947340,63509940,65078901,66654954,68240134,69835713,71437381,73042605,74656228,76285225,77932247,79604541,81294378,82971734,84596249,86141373,87592899,88965508,90297115,91641881,93038902,94501233,96017322
Palau,PLW,"Population, total",SP.POP.TOTL,15089,15471,15894,16345,16805,17255,17695,18123,18524,18878,19174,19404,19575,19700,19805,19907,20012,20118,20227,20344,20470,20606,20756
Papua New Guinea,PNG,"Population, total",SP.POP.TOTL,4157903,4261933,4369407,4480689,4596131,4715929,4840311,4969116,5101633,5236863,5374051,5512835,5653284,5795571,5940048,6086905,6236158,6387470,6540267,6693799,6847517,7001172,7154870
Poland,POL,"Population, total",SP.POP.TOTL,38110782,38246193,38363667,38461408,38542652,38594998,38624370,38649660,38663481,38660271,38258629,38248076,38230364,38204570,38182222,38165445,38141267,38120560,38125759,38151603,38042794,38063255,38063164
Puerto Rico,PRI,"Population, total",SP.POP.TOTL,3537000,3562110,3585176,3615497,3649237,3683103,3724655,3759430,3781101,3800081,3810605,3818774,3823701,3826095,3826878,3821362,3805214,3782995,3760866,3740410,3721527,3686771,3642281
"Korea, Dem. Rep. (North)",PRK,"Population, total",SP.POP.TOTL,20194354,20510208,20838082,21166230,21478544,21763670,22016510,22240826,22444986,22641747,22840218,23043441,23248053,23449173,23639296,23813324,23969897,24111945,24243829,24371806,24500506,24631359,24763353
Portugal,PRT,"Population, total",SP.POP.TOTL,9983218,9960235,9952494,9964675,9991525,10026176,10063945,10108977,10160196,10217828,10289898,10362722,10419631,10458821,10483861,10503330,10522288,10542964,10558177,10568247,10573100,10557560,10514844
Paraguay,PRY,"Population, total",SP.POP.TOTL,4213740,4323402,4432738,4541902,4651222,4760853,4870695,4980346,5089306,5196935,5302703,5406625,5508615,5607948,5703742,5795493,5882797,5966160,6047131,6127847,6209877,6293763,6379162
Pacific island small states,PSS,"Population, total",SP.POP.TOTL,1685260,1711895,1741313,1772270,1802890,1831802,1858774,1884253,1908365,1931420,1953719,1975126,1995730,2016337,2038005,2061473,2087081,2114575,2143352,2172519,2201396,2229806,2257903
French Polynesia,PYF,"Population, total",SP.POP.TOTL,198370,202020,205269,208349,211584,215200,219282,223734,228380,232956,237267,241276,245032,248536,251811,254884,257731,260361,262877,265412,268065,270862,273775
Qatar,QAT,"Population, total",SP.POP.TOTL,476478,485114,489668,492120,495179,501019,511864,528213,548618,570643,593453,613720,634388,668165,732096,836924,988448,1178955,1388962,1591151,1765513,1905437,2015624
Romania,ROU,"Population, total",SP.POP.TOTL,23201835,23001155,22794284,22763280,22730211,22684270,22619004,22553978,22507344,22472040,22442971,22131970,21730496,21574326,21451748,21319685,21193760,20882982,20537875,20367487,20246871,20147528,20058035
Russian Federation,RUS,"Population, total",SP.POP.TOTL,148292000,148624000,148689000,148520000,148336000,148375726,148160042,147915307,147670692,147214392,146596557,145976083,145306046,144648257,144067054,143518523,143049528,142805088,142742350,142785342,142849449,142960868,143201676
Rwanda,RWA,"Population, total",SP.POP.TOTL,7259740,7071393,6712924,6300358,5995987,5912755,6097688,6506118,7047196,7585143,8021875,8329113,8539029,8686469,8828956,9008230,9231041,9481083,9750314,10024594,10293669,10556429,10817350
South Asia,SAS,"Population, total",SP.POP.TOTL,1132775493,1157716007,1182766320,1208041749,1233462879,1258964893,1284467586,1310020410,1335551944,1361114276,1386400954,1411281514,1436503016,1461682019,1486598228,1511119581,1535264779,1559023139,1582535507,1605893501,1629189137,1652449539,1674883124
Saudi Arabia,SAU,"Population, total",SP.POP.TOTL,16361453,16890555,17398523,17890529,18373412,18853670,19331311,19809633,20302193,20825955,21392273,22007937,22668102,23357887,24055573,24745230,25419994,26083522,26742842,27409491,28090647,28788438,29496047
Sudan,SDN,"Population, total",SP.POP.TOTL,20008804,20861117,21820588,22829227,23805536,24691970,25466387,26149124,26777059,27406808,28079664,28805142,29569978,30365586,31176209,31990003,32809056,33637960,34470138,35297298,36114885,36918193,37712420
Senegal,SEN,"Population, total",SP.POP.TOTL,7514201,7749559,7990736,8234147,8475136,8710746,8939438,9163184,9386923,9617641,9860578,10118078,10389457,10673320,10967016,11268994,11578430,11897230,12229703,12581624,12956791,13357003,13780108
Singapore,SGP,"Population, total",SP.POP.TOTL,3047100,3135100,3230700,3313500,3419000,3524500,3670700,3796000,3927200,3958700,4027900,4138000,4176000,4114800,4166700,4265800,4401400,4588600,4839400,4987600,5076700,5183700,5312400
Solomon Islands,SLB,"Population, total",SP.POP.TOTL,311849,320764,329984,339490,349250,359236,369438,379859,390489,401319,412336,423535,434893,446352,457841,469306,480716,492075,503410,514767,526177,537648,549162
Sierra Leone,SLE,"Population, total",SP.POP.TOTL,3931208,3945899,3929182,3893891,3858559,3837807,3833053,3843472,3878475,3948800,4060709,4220198,4422154,4647701,4870467,5071271,5243214,5391108,5521838,5647194,5775902,5908908,6043157
El Salvador,SLV,"Population, total",SP.POP.TOTL,5252082,5321576,5392142,5461834,5528012,5588743,5643363,5692300,5736075,5775660,5811836,5844738,5874301,5900929,5925089,5947206,5967556,5986414,6004199,6021368,6038306,6055208,6072233
San Marino,SMR,"Population, total",SP.POP.TOTL,24045,24385,24755,25141,25519,25875,26201,26503,26795,27097,27420,27771,28142,28520,28891,29242,29568,29874,30160,30431,30690,30938,31172
Somalia,SOM,"Population, total",SP.POP.TOTL,6321615,6319531,6294017,6269244,6278911,6346440,6480888,6672781,6904231,7148406,7385416,7610053,7827203,8039104,8251054,8466938,8686939,8909015,9132589,9356827,9581714,9806670,10033630
Serbia,SRB,"Population, total",SP.POP.TOTL,7586000,7595636,7646424,7699307,7734639,7625357,7617794,7596501,7567745,7540401,7516346,7503433,7500031,7480591,7463157,7440769,7411569,7381579,7350222,7320807,7291436,7234099,7199077
Sub-Saharan Africa (developing only),SSA,"Population, total",SP.POP.TOTL,508168676,522546737,537283823,552351558,567721234,583369043,599318384,615604157,632281973,649436727,667130071,685165071,703450990,722255635,741707339,761846974,782697340,804259344,826514497,849430616,872981672,897163692,921978391
South Sudan,SSD,"Population, total",SP.POP.TOTL,5762190,5698998,5593347,5484372,5425099,5452771,5584223,5806951,6092688,6398416,6692999,6967817,7233237,7499695,7784488,8099908,8445659,8815495,9208598,9623176,10056475,10510122,10980623
Sub-Saharan Africa (all income levels),SSF,"Population, total",SP.POP.TOTL,508616039,523007873,537759561,552842678,568228356,583892679,599858645,616161312,632857149,650030484,667742098,685795280,704102354,722925207,742396040,762555740,783427658,805010175,827287676,850225069,873800152,898002051,922840423
Small states,SST,"Population, total",SP.POP.TOTL,20898143,21296936,21691663,22078888,22463924,22839638,23222474,23597400,23965282,24327352,24680538,25032349,25378214,25722695,26070475,26416028,26777784,27153515,27545313,27949299,28368601,28831361,29285805
Sao Tome & Principe,STP,"Population, total",SP.POP.TOTL,113575,115900,118346,120849,123318,125694,127946,130110,132284,134602,137164,140003,143085,146357,149732,153146,156584,160064,163595,167196,170880,174646,178484
Suriname,SUR,"Population, total",SP.POP.TOTL,408276,416068,423572,430901,438280,445830,453653,461569,469108,475637,480751,484210,486271,487641,489312,491999,495953,500953,506657,512522,518141,523439,528535
Slovakia,SVK,"Population, total",SP.POP.TOTL,5299187,5303294,5305016,5325305,5346331,5361999,5373361,5383291,5390516,5396020,5388720,5378867,5376912,5373374,5372280,5372807,5373054,5374622,5379233,5386406,5391428,5398384,5407579
Slovenia,SVN,"Population, total",SP.POP.TOTL,1998161,1999429,1996498,1991746,1989443,1989872,1988628,1985956,1981629,1983045,1988925,1992060,1994530,1995733,1997012,2000474,2006868,2018122,2021316,2039669,2048583,2052843,2057159
Sweden,SWE,"Population, total",SP.POP.TOTL,8558835,8617375,8668067,8718561,8780745,8826939,8840998,8846062,8850974,8857874,8872109,8895960,8924958,8958229,8993531,9029572,9080505,9148092,9219637,9298515,9378126,9449213,9519374
Swaziland,SWZ,"Population, total",SP.POP.TOTL,862728,887248,907947,926224,944223,963428,984506,1006760,1028694,1048151,1063715,1074765,1082195,1087949,1094775,1104642,1118204,1134853,1153750,1173529,1193148,1212458,1231694
Seychelles,SYC,"Population, total",SP.POP.TOTL,70000,70755,71657,72711,73925,75304,76417,77319,78846,80410,81131,81202,83700,82800,82500,82900,84600,85033,86956,87298,89770,87441,88303
Syria,SYR,"Population, total",SP.POP.TOTL,12451539,12817578,13186187,13559642,13941025,14331962,14736209,15151962,15568797,15972430,16354050,16694414,16997521,17304339,17671913,18132842,18728200,19425597,20097057,20566871,20720602,21070917,21427155
Turks and Caicos Islands,TCA,"Population, total",SP.POP.TOTL,11550,12205,12970,13793,14597,15334,15967,16527,17114,17866,18876,20186,21740,23412,25025,26450,27642,28638,29481,30247,30993,31727,32430
Chad,TCD,"Population, total",SP.POP.TOTL,5958022,6151213,6350174,6556628,6773104,7001634,7242018,7494143,7760157,8042713,8343321,8663599,9002102,9353516,9710498,10067932,10423616,10779504,11139740,11510535,11896380,12298512,12715465
Togo,TGO,"Population, total",SP.POP.TOTL,3786942,3886858,3984356,4081398,4180689,4284286,4392941,4506465,4624826,4747665,4874735,5006223,5142419,5283246,5428552,5578219,5732175,5890414,6052937,6219761,6390851,6566179,6745581
Thailand,THA,"Population, total",SP.POP.TOTL,56582824,57225972,57761574,58237672,58722767,59266089,59878955,60544937,61250974,61973957,62693322,63415174,64136669,64817254,65404522,65863973,66174486,66353572,66453255,66548197,66692024,66902958,67164130
Tajikistan,TJK,"Population, total",SP.POP.TOTL,5297286,5417554,5523207,5616797,5702611,5784330,5862224,5936780,6012308,6094126,6186152,6290413,6406518,6532871,6666628,6805655,6949566,7099021,7254072,7414960,7581696,7753925,7930929
Turkmenistan,TKM,"Population, total",SP.POP.TOTL,3668000,3772350,3881973,3991917,4095512,4188010,4267690,4335991,4395293,4449427,4501419,4551762,4600172,4648036,4696876,4747839,4801594,4858235,4917541,4978960,5041995,5106672,5172941
Timor-Leste,TLS,"Population, total",SP.POP.TOTL,740231,764884,792846,820471,842752,856439,859496,853867,845106,841063,847185,865848,894837,929431,962634,979201,996052,1013194,1030630,1048367,1066409,1120392,1148958
Tonga,TON,"Population, total",SP.POP.TOTL,95152,95304,95421,95532,95678,95889,96174,96526,96937,97398,97898,98434,99005,99606,100226,100858,101507,102169,102816,103416,103947,104392,104769
Trinidad & Tobago,TTO,"Population, total",SP.POP.TOTL,1221904,1229906,1237486,1244410,1250316,1255001,1258365,1260677,1262544,1264781,1267980,1272383,1277840,1284052,1290535,1296933,1303141,1309260,1315372,1321624,1328095,1334790,1341579
Tunisia,TUN,"Population, total",SP.POP.TOTL,8154400,8318200,8489900,8572200,8785700,8957500,9089300,9214900,9333300,9455900,9552500,9650600,9748900,9839800,9932400,10029000,10127900,10225100,10328900,10439600,10547100,10673800,10777500
Turkey,TUR,"Population, total",SP.POP.TOTL,53994605,54909508,55811134,56707454,57608769,58522320,59451488,60394104,61344874,62295617,63240157,64182694,65125766,66060121,66973561,67860617,68704721,69515492,70344357,71261307,72310416,73199372,74099255
Tuvalu,TUV,"Population, total",SP.POP.TOTL,9004,9056,9103,9148,9188,9227,9264,9298,9334,9374,9419,9471,9530,9590,9646,9694,9732,9764,9788,9808,9827,9844,9860
Tanzania,TZA,"Population, total",SP.POP.TOTL,25458208,26307482,27203865,28122799,29030288,29903329,30733937,31533781,32323953,33135281,33991590,34899062,35855480,36866228,37935334,39065600,40260847,41522004,42844744,44222113,45648525,47122998,48645709
Uganda,UGA,"Population, total",SP.POP.TOTL,17384369,17973428,18571527,19177660,19791266,20412967,21041468,21679497,22336812,23026357,23757636,24534668,25355794,26217760,27114742,28042413,29000925,29991958,31014427,32067125,33149417,34260342,35400620
Ukraine,UKR,"Population, total",SP.POP.TOTL,51892000,52000470,52150266,52179210,51921041,51512299,51057189,50594105,50143939,49673350,49175848,48683865,48202500,47812950,47451600,47105150,46787750,46509350,46258200,46053300,45870700,45706100,45593300
Upper middle income,UMC,"Population, total",SP.POP.TOTL,1856995358,1884860868,1910669787,1935543798,1960358316,1984728116,2009175300,2033653597,2057591940,2080601953,2102666067,2123243831,2142706202,2161778349,2180487662,2199069013,2217180760,2234445988,2251826545,2269734863,2287678699,2305545434,2323722012
Uruguay,URY,"Population, total",SP.POP.TOTL,3109987,3132048,3154853,3178156,3201604,3224807,3248039,3271014,3292134,3309318,3321242,3327105,3327770,3325637,3324096,3325608,3331041,3339750,3350832,3362761,3374414,3385610,3396753
United States,USA,"Population, total",SP.POP.TOTL,249623000,252981000,256514000,259919000,263126000,266278000,269394000,272657000,275854000,279040000,282162411,284968955,287625193,290107933,292805298,295516599,298379912,301231207,304093966,306771529,309347057,311721632,314112078
Uzbekistan,UZB,"Population, total",SP.POP.TOTL,20510000,20952000,21449000,21942000,22377000,22785000,23225000,23667000,24051000,24311650,24650400,24964450,25271850,25567650,25864350,26167000,26488250,26868000,27302800,27767400,28562400,29339400,29774500
Saint Vincent & Grenadines,VCT,"Population, total",SP.POP.TOTL,107509,107811,108001,108097,108129,108122,108078,108001,107923,107879,107897,107989,108150,108354,108563,108749,108908,109049,109165,109255,109316,109341,109334
Venezuela,VEN,"Population, total",SP.POP.TOTL,19861959,20332247,20799471,21263994,21726808,22188671,22649212,23108003,23565734,24023355,24481477,24940223,25399143,25857553,26314483,26769115,27221228,27670659,28116716,28558607,28995745,29427631,29854238
Virgin Islands (U.S.),VIR,"Population, total",SP.POP.TOTL,103963,104807,105711,106577,107317,107817,108093,108355,108535,108596,108639,108386,108208,108085,107950,107863,107700,107423,107091,106707,106267,105784,105275
Vietnam,VNM,"Population, total",SP.POP.TOTL,66016700,67242400,68450100,69644500,70824500,71995500,73156700,74306900,75456300,76596700,77630900,78620500,79537700,80467400,81436400,82392100,83311200,84218500,85118700,86025000,86932500,87840000,88772900
Vanuatu,VUT,"Population, total",SP.POP.TOTL,146633,150779,155242,159814,164209,168236,171802,175004,178074,181346,185058,189288,193957,198963,204144,209375,214635,219956,225335,230782,236299,241876,247498
West Bank and Gaza,PSE,"Population, total",SP.POP.TOTL,1978248,2068845,2163591,2262676,2366298,2474666,2587997,2706518,2776568,2848431,2922153,2997784,3075373,3154969,3236626,3320396,3406334,3494496,3596688,3702218,3811102,3927051,4046901
World,WLD,"Population, total",SP.POP.TOTL,5282721170,5369745939,5453285242,5537593883,5621017729,5705792188,5788637414,5871749849,5954028861,6035482136,6115968870,6195680531,6274932299,6354329500,6434262465,6514587292,6595419917,6676488746,6758911727,6841535692,6924248512,7007432419,7089269165
Samoa,WSM,"Population, total",SP.POP.TOTL,162865,164073,165568,167206,168786,170158,171276,172191,172979,173758,174614,175567,176592,177677,178794,179928,181072,182238,183440,184700,186029,187434,188901
Yemen,YEM,"Population, total",SP.POP.TOTL,11961099,12571240,13245003,13948118,14633091,15266147,15834747,16349809,16829935,17304422,17795219,18306287,18832097,19374012,19931617,20504385,21093973,21701105,22322699,22954226,23591972,24234940,24882792
South Africa,ZAF,"Population, total",SP.POP.TOTL,35200000,35933108,36690739,37473796,38283223,39120000,40000247,40926063,41899683,42923485,44000000,44909738,45546345,46127031,46727694,47349013,47991699,48656506,49344228,50055701,50791808,51553479,52341695
"Congo, Dem. Rep.",COD,"Population, total",SP.POP.TOTL,34962676,36309209,37783835,39314955,40804011,42183620,43424997,44558347,45647949,46788238,48048664,49449015,50971407,52602208,54314855,56089536,57926840,59834875,61809278,63845097,65938712,68087376,70291160
Zambia,ZMB,"Population, total",SP.POP.TOTL,8143142,8361381,8576987,8794061,9018229,9253527,9502346,9763742,10034412,10309310,10585220,10861238,11139978,11426006,11725635,12043591,12381509,12738676,13114579,13507849,13917439,14343526,14786581
Zimbabwe,ZWE,"Population, total",SP.POP.TOTL,10484771,10763036,11019717,11256512,11476807,11683136,11877664,12059858,12226742,12374019,12499981,12603988,12691431,12774162,12867828,12984418,13127942,13297798,13495462,13720997,13973897,14255592,14565482